{
  "components": [
    {},
    {
      "type": "stroke",
      "x": [
        58,
        61,
        61,
        61,
        61,
        61,
        61,
        61,
        63,
        65,
        65,
        68,
        68,
        70,
        72,
        73,
        74,
        78,
        78,
        79,
        83,
        88,
        96,
        108,
        122,
        141,
        161,
        182,
        204,
        226,
        245,
        262,
        271,
        273,
        275,
        276,
        276,
        276,
        276,
        275,
        275,
        273,
        271,
        271,
        268,
        267,
        267,
        265,
        263,
        261,
        259,
        259,
        258,
        256,
        256,
        254,
        252,
        252,
        248,
        245,
        236,
        216,
        191,
        161,
        129,
        96,
        63,
        29,
        5,
        -13
      ],
      "y": [
        167,
        169,
        173,
        179,
        189,
        200,
        211,
        225,
        239,
        254,
        266,
        275,
        283,
        290,
        297,
        299,
        302,
        306,
        308,
        310,
        310,
        310,
        307,
        300,
        295,
        290,
        284,
        277,
        271,
        265,
        262,
        262,
        262,
        262,
        262,
        258,
        256,
        253,
        249,
        242,
        234,
        224,
        215,
        205,
        195,
        185,
        174,
        166,
        160,
        153,
        149,
        145,
        139,
        138,
        134,
        130,
        126,
        123,
        121,
        121,
        121,
        121,
        121,
        121,
        121,
        121,
        121,
        121,
        121,
        121
      ],
      "t": [
        77785.38,
        77807.955,
        77816.05,
        77824.96500000001,
        77832.03,
        77840.20000000001,
        77848.21,
        77856.34,
        77864.04000000001,
        77873.15500000001,
        77880.035,
        77889.11,
        77896.29000000001,
        77905.24500000001,
        77912.035,
        77922.6,
        77927.98000000001,
        77943.98500000002,
        77955.005,
        77971.72,
        78031.95000000001,
        78040.295,
        78048.005,
        78056.395,
        78064.01000000001,
        78072.35,
        78079.93000000001,
        78088.62500000001,
        78096.12000000001,
        78105.835,
        78112.02,
        78121.195,
        78128.095,
        78137.685,
        78144,
        78240.50000000001,
        78248.08,
        78255.975,
        78263.96,
        78272.10500000001,
        78280.16,
        78288.12000000001,
        78296.13,
        78304.575,
        78312.02,
        78319.92500000002,
        78328.01500000001,
        78336.085,
        78344.645,
        78352.06500000002,
        78360.585,
        78368.22,
        78376.51000000001,
        78384.66000000002,
        78392.515,
        78399.92000000001,
        78408.66000000002,
        78415.985,
        78504.05,
        78512.685,
        78519.97,
        78528.04000000001,
        78535.91500000001,
        78543.90500000001,
        78552.02000000002,
        78559.955,
        78568.31500000002,
        78575.955,
        78584.065,
        78592.02500000001
      ]
    },
    {
      "type": "stroke",
      "x": [
        108,
        108,
        108,
        110,
        113,
        113,
        113,
        117,
        117,
        124,
        124,
        127,
        129,
        132,
        136,
        139,
        142,
        142,
        145
      ],
      "y": [
        77,
        79,
        83,
        93,
        110,
        127,
        148,
        170,
        190,
        219,
        240,
        264,
        285,
        310,
        331,
        352,
        373,
        395,
        411
      ],
      "t": [
        80242.195,
        80256.22000000002,
        80264.05500000001,
        80272.06000000001,
        80280.01000000001,
        80288.17000000001,
        80296.02000000002,
        80304.51000000001,
        80312.02500000001,
        80321.235,
        80328.01500000001,
        80335.94,
        80344.00000000001,
        80352.15500000001,
        80360.1,
        80368.57,
        80376.32500000001,
        80384.12500000001,
        80392.57
      ]
    }
  ]
}